year,cds,county_code,district_code,school_code
23,01100170130625,01,10017,0130625
23,01100170137448,01,10017,0137448
23,01100170123968,01,10017,0123968
23,01100170136101,01,10017,0136101
23,01100176001788,01,10017,6001788
23,01100170112607,01,10017,0112607
23,01100170138867,01,10017,0138867
23,01100176002000,01,10017,6002000
23,01100170131581,01,10017,0131581
23,01100170136226,01,10017,0136226
23,01100170125567,01,10017,0125567
23,01100170124172,01,10017,0124172
23,01100170000000,01,10017,0000000
23,01611190130609,01,61119,0130609
23,01611190119222,01,61119,0119222
23,01611190122085,01,61119,0122085
23,01611190000000,01,61119,0000000
23,01611270000000,01,61127,0000000
23,01611430000000,01,61143,0000000
23,01611500000000,01,61150,0000000
23,01611680000000,01,61168,0000000
23,01611760130534,01,61176,0130534
23,01611760000000,01,61176,0000000
23,01611920127944,01,61192,0127944
23,01611920137646,01,61192,0137646
23,01611920127696,01,61192,0127696
23,01611920108670,01,61192,0108670
23,01611920000000,01,61192,0000000
23,01612000000000,01,61200,0000000
23,01612180000000,01,61218,0000000
23,01612340000000,01,61234,0000000
23,01612420000000,01,61242,0000000
23,01612590111476,01,61259,0111476
23,01612590114363,01,61259,0114363
23,01612590111856,01,61259,0111856
23,01612596113807,01,61259,6113807
23,01612590115238,01,61259,0115238
23,01612596118608,01,61259,6118608
23,01612590109819,01,61259,0109819
23,01612590128413,01,61259,0128413
23,01612590118224,01,61259,0118224
23,01612590130666,01,61259,0130666
23,01612596117568,01,61259,6117568
23,01612590130732,01,61259,0130732
23,01612590106906,01,61259,0106906
23,01612590129635,01,61259,0129635
23,01612590129932,01,61259,0129932
23,01612590132514,01,61259,0132514
23,01612590115014,01,61259,0115014
23,01612590115592,01,61259,0115592
23,01612590130633,01,61259,0130633
23,01612590108944,01,61259,0108944
23,01612590134015,01,61259,0134015
23,01612590126748,01,61259,0126748
23,01612596117972,01,61259,6117972
23,01612596111660,01,61259,6111660
23,01612590114868,01,61259,0114868
23,01612590130617,01,61259,0130617
23,01612593030772,01,61259,3030772
23,01612590100065,01,61259,0100065
23,01612590000000,01,61259,0000000
23,01612750000000,01,61275,0000000
23,01612910000000,01,61291,0000000
23,01613090114421,01,61309,0114421
23,01613090101212,01,61309,0101212
23,01613090000000,01,61309,0000000
23,01750930000000,01,75093,0000000
23,01751010000000,01,75101,0000000
23,01751190000000,01,75119,0000000
23,01771800138289,01,77180,0138289
23,02100250000000,02,10025,0000000
23,02613330000000,02,61333,0000000
23,03100330000000,03,10033,0000000
23,03739810000000,03,73981,0000000
23,04100410134213,04,10041,0134213
23,04100410114991,04,10041,0114991
23,04100410430090,04,10041,0430090
23,04100410000000,04,10041,0000000
23,04613820000000,04,61382,0000000
23,04614080000000,04,61408,0000000
23,04614240141085,04,61424,0141085
23,04614246119523,04,61424,6119523
23,04614246113773,04,61424,6113773
23,04614240118042,04,61424,0118042
23,04614240120394,04,61424,0120394
23,04614240110551,04,61424,0110551
23,04614240137828,04,61424,0137828
23,04614240121475,04,61424,0121475
23,04614240123810,04,61424,0123810
23,04614240000000,04,61424,0000000
23,04614320000000,04,61432,0000000
23,04614570000000,04,61457,0000000
23,04614990000000,04,61499,0000000
23,04615070121509,04,61507,0121509
23,04615070129577,04,61507,0129577
23,04615070000000,04,61507,0000000
23,04615150000000,04,61515,0000000
23,04615230000000,04,61523,0000000
23,04615310110338,04,61531,0110338
23,04615316113765,04,61531,6113765
23,04615316112585,04,61531,6112585
23,04615316112999,04,61531,6112999
23,04615310000000,04,61531,0000000
23,04615490000000,04,61549,0000000
23,04733790000000,04,73379,0000000
23,04755070000000,04,75507,0000000
23,05100580530154,05,10058,0530154
23,05100580000000,05,10058,0000000
23,05615560000000,05,61556,0000000
23,05615640000000,05,61564,0000000
23,05615720000000,05,61572,0000000
23,05615800000000,05,61580,0000000
23,06100660000000,06,10066,0000000
23,06615980000000,06,61598,0000000
23,06616060000000,06,61606,0000000
23,06616140000000,06,61614,0000000
23,06616220000000,06,61622,0000000
23,07100740129528,07,10074,0129528
23,07100740731380,07,10074,0731380
23,07100740134114,07,10074,0134114
23,07100740730614,07,10074,0730614
23,07100740137026,07,10074,0137026
23,07100740114470,07,10074,0114470
23,07100746118368,07,10074,6118368
23,07100740129684,07,10074,0129684
23,07100740000000,07,10074,0000000
23,07616300000000,07,61630,0000000
23,07616486115703,07,61648,6115703
23,07616480115063,07,61648,0115063
23,07616480137430,07,61648,0137430
23,07616480000000,07,61648,0000000
23,07616550000000,07,61655,0000000
23,07616630130930,07,61663,0130930
23,07616630000000,07,61663,0000000
23,07616710000000,07,61671,0000000
23,07616970000000,07,61697,0000000
23,07617050000000,07,61705,0000000
23,07617130000000,07,61713,0000000
23,07617210000000,07,61721,0000000
23,07617390000000,07,61739,0000000
23,07617470000000,07,61747,0000000
23,07617546118087,07,61754,6118087
23,07617540134072,07,61754,0134072
23,07617540000000,07,61754,0000000
23,07617620000000,07,61762,0000000
23,07617700000000,07,61770,0000000
23,07617880000000,07,61788,0000000
23,07617960132100,07,61796,0132100
23,07617960132118,07,61796,0132118
23,07617960101477,07,61796,0101477
23,07617960126805,07,61796,0126805
23,07617960129643,07,61796,0129643
23,07617960110973,07,61796,0110973
23,07617960133637,07,61796,0133637
23,07617960136903,07,61796,0136903
23,07617960000000,07,61796,0000000
23,07618040000000,07,61804,0000000
23,07618120000000,07,61812,0000000
23,07773540132233,07,77354,0132233
23,08100820830059,08,10082,0830059
23,08100820000000,08,10082,0000000
23,08618200137729,08,61820,0137729
23,08618200000000,08,61820,0000000
23,09100900123521,09,10090,0123521
23,09100900930123,09,10090,0930123
23,09100900136036,09,10090,0136036
23,09100900930131,09,10090,0930131
23,09100900000000,09,10090,0000000
23,09618380137919,09,61838,0137919
23,09618380111724,09,61838,0111724
23,09618380107227,09,61838,0107227
23,09618380136200,09,61838,0136200
23,09618380139006,09,61838,0139006
23,09618380129965,09,61838,0129965
23,09618380000000,09,61838,0000000
23,09618460123125,09,61846,0123125
23,09618460000000,09,61846,0000000
23,09618530930214,09,61853,0930214
23,09618530000000,09,61853,0000000
23,09618790000000,09,61879,0000000
23,09618870000000,09,61887,0000000
23,09618950000000,09,61895,0000000
23,09619030000000,09,61903,0000000
23,09619110000000,09,61911,0000000
23,09619290000000,09,61929,0000000
23,09619450000000,09,61945,0000000
23,09619520000000,09,61952,0000000
23,09619600000000,09,61960,0000000
23,09619780000000,09,61978,0000000
23,09619860000000,09,61986,0000000
23,09737830121566,09,73783,0121566
23,09737830000000,09,73783,0000000
23,10101080119628,10,10108,0119628
23,10101080136291,10,10108,0136291
23,10101080140186,10,10108,0140186
23,10101080109991,10,10108,0109991
23,10101086085112,10,10108,6085112
23,10101080111682,10,10108,0111682
23,10101080127514,10,10108,0127514
23,10101080000000,10,10108,0000000
23,10619940000000,10,61994,0000000
23,10620260000000,10,62026,0000000
23,10620420000000,10,62042,0000000
23,10621090000000,10,62109,0000000
23,10621170118018,10,62117,0118018
23,10621170000000,10,62117,0000000
23,10621250000000,10,62125,0000000
23,10621580000000,10,62158,0000000
23,10621660133942,10,62166,0133942
23,10621660140806,10,62166,0140806
23,10621660106740,10,62166,0106740
23,10621661030840,10,62166,1030840
23,10621660140038,10,62166,0140038
23,10621660140764,10,62166,0140764
23,10621660121533,10,62166,0121533
23,10621661030642,10,62166,1030642
23,10621660114355,10,62166,0114355
23,10621660114553,10,62166,0114553
23,10621660000000,10,62166,0000000
23,10622400000000,10,62240,0000000
23,10622570000000,10,62257,0000000
23,10622650116640,10,62265,0116640
23,10622650126292,10,62265,0126292
23,10622650000000,10,62265,0000000
23,10622810000000,10,62281,0000000
23,10623230000000,10,62323,0000000
23,10623310137661,10,62331,0137661
23,10623310000000,10,62331,0000000
23,10623560000000,10,62356,0000000
23,10623640000000,10,62364,0000000
23,10623720000000,10,62372,0000000
23,10623800136499,10,62380,0136499
23,10623800000000,10,62380,0000000
23,10624141030766,10,62414,1030766
23,10624146117865,10,62414,6117865
23,10624146117873,10,62414,6117873
23,10624140000000,10,62414,0000000
23,10624300000000,10,62430,0000000
23,10625130000000,10,62513,0000000
23,10625396112387,10,62539,6112387
23,10625390000000,10,62539,0000000
23,10625470136523,10,62547,0136523
23,10625470135103,10,62547,0135103
23,10625470000000,10,62547,0000000
23,10738090000000,10,73809,0000000
23,10739650000000,10,73965,0000000
23,10739990000000,10,73999,0000000
23,10751270000000,10,75127,0000000
23,10752340000000,10,75234,0000000
23,10752750000000,10,75275,0000000
23,10754080000000,10,75408,0000000
23,10755980000000,10,75598,0000000
23,10767781030774,10,76778,1030774
23,10767780000000,10,76778,0000000
23,11101160130724,11,10116,0130724
23,11101160124909,11,10116,0124909
23,11101161130103,11,10116,1130103
23,11101160000000,11,10116,0000000
23,11625540000000,11,62554,0000000
23,11625960139550,11,62596,0139550
23,11625960000000,11,62596,0000000
23,11626380000000,11,62638,0000000
23,11626460000000,11,62646,0000000
23,11626530000000,11,62653,0000000
23,11626610000000,11,62661,0000000
23,11754810000000,11,75481,0000000
23,11765620000000,11,76562,0000000
23,12101246008221,12,10124,6008221
23,12101240134163,12,10124,0134163
23,12101240137364,12,10124,0137364
23,12101240000000,12,10124,0000000
23,12626796120562,12,62679,6120562
23,12626790109975,12,62679,0109975
23,12626790137653,12,62679,0137653
23,12626790111708,12,62679,0111708
23,12626790000000,12,62679,0000000
23,12626870124263,12,62687,0124263
23,12626870107110,12,62687,0107110
23,12626870000000,12,62687,0000000
23,12626950000000,12,62695,0000000
23,12627030000000,12,62703,0000000
23,12627290000000,12,62729,0000000
23,12627370000000,12,62737,0000000
23,12627450000000,12,62745,0000000
23,12627940000000,12,62794,0000000
23,12628100000000,12,62810,0000000
23,12628286116289,12,62828,6116289
23,12628280000000,12,62828,0000000
23,12628360000000,12,62836,0000000
23,12628510000000,12,62851,0000000
23,12628850000000,12,62885,0000000
23,12628930000000,12,62893,0000000
23,12629010000000,12,62901,0000000
23,12629190000000,12,62919,0000000
23,12629270000000,12,62927,0000000
23,12629350000000,12,62935,0000000
23,12629500000000,12,62950,0000000
23,12629680000000,12,62968,0000000
23,12629760115154,12,62976,0115154
23,12629760000000,12,62976,0000000
23,12629840000000,12,62984,0000000
23,12630080000000,12,63008,0000000
23,12630240000000,12,63024,0000000
23,12630320111203,12,63032,0111203
23,12630320124289,12,63032,0124289
23,12630320000000,12,63032,0000000
23,12630400000000,12,63040,0000000
23,12630570000000,12,63057,0000000
23,12753740000000,12,75374,0000000
23,12753820000000,12,75382,0000000
23,12755151230150,12,75515,1230150
23,12755150000000,12,75515,0000000
23,12768020124164,12,76802,0124164
23,12768020000000,12,76802,0000000
23,13101320134379,13,10132,0134379
23,13101320000000,13,10132,0000000
23,13630730000000,13,63073,0000000
23,13630810000000,13,63081,0000000
23,13630990000000,13,63099,0000000
23,13631070000000,13,63107,0000000
23,13631150000000,13,63115,0000000
23,13631230118455,13,63123,0118455
23,13631230122663,13,63123,0122663
23,13631230000000,13,63123,0000000
23,13631310000000,13,63131,0000000
23,13631490000000,13,63149,0000000
23,13631640000000,13,63164,0000000
23,13631720000000,13,63172,0000000
23,13631800000000,13,63180,0000000
23,13631980000000,13,63198,0000000
23,13632060000000,13,63206,0000000
23,13632140000000,13,63214,0000000
23,13632220000000,13,63222,0000000
23,13632300000000,13,63230,0000000
23,14101400128454,14,10140,0128454
23,14101400128447,14,10140,0128447
23,14101400117994,14,10140,0117994
23,14101400000000,14,10140,0000000
23,14632480000000,14,63248,0000000
23,14632710000000,14,63271,0000000
23,14632890000000,14,63289,0000000
23,14632970000000,14,63297,0000000
23,14633050000000,14,63305,0000000
23,14766870000000,14,76687,0000000
23,15101570124040,15,10157,0124040
23,15101571530500,15,10157,1530500
23,15101571530492,15,10157,1530492
23,15101570119669,15,10157,0119669
23,15101570135467,15,10157,0135467
23,15101570000000,15,10157,0000000
23,15633130000000,15,63313,0000000
23,15633210000000,15,63321,0000000
23,15633390000000,15,63339,0000000
23,15633540000000,15,63354,0000000
23,15633620000000,15,63362,0000000
23,15633700000000,15,63370,0000000
23,15633880000000,15,63388,0000000
23,15634046009351,15,63404,6009351
23,15634046009369,15,63404,6009369
23,15634040120139,15,63404,0120139
23,15634040000000,15,63404,0000000
23,15634120000000,15,63412,0000000
23,15634200000000,15,63420,0000000
23,15634380000000,15,63438,0000000
23,15634460000000,15,63446,0000000
23,15634610000000,15,63461,0000000
23,15634790000000,15,63479,0000000
23,15634870000000,15,63487,0000000
23,15635030000000,15,63503,0000000
23,15635291530435,15,63529,1530435
23,15635290000000,15,63529,0000000
23,15635450000000,15,63545,0000000
23,15635520000000,15,63552,0000000
23,15635600000000,15,63560,0000000
23,15635780135186,15,63578,0135186
23,15635780000000,15,63578,0000000
23,15635860000000,15,63586,0000000
23,15635940000000,15,63594,0000000
23,15636100000000,15,63610,0000000
23,15636280134312,15,63628,0134312
23,15636280137687,15,63628,0137687
23,15636280138131,15,63628,0138131
23,15636280127209,15,63628,0127209
23,15636280128504,15,63628,0128504
23,15636280000000,15,63628,0000000
23,15636510000000,15,63651,0000000
23,15636690000000,15,63669,0000000
23,15636770000000,15,63677,0000000
23,15636850000000,15,63685,0000000
23,15636930000000,15,63693,0000000
23,15637190000000,15,63719,0000000
23,15637500000000,15,63750,0000000
23,15637680000000,15,63768,0000000
23,15637760000000,15,63776,0000000
23,15637840000000,15,63784,0000000
23,15637920000000,15,63792,0000000
23,15638000000000,15,63800,0000000
23,15638180000000,15,63818,0000000
23,15638260000000,15,63826,0000000
23,15638340000000,15,63834,0000000
23,15638420000000,15,63842,0000000
23,15638590000000,15,63859,0000000
23,15735440000000,15,73544,0000000
23,15737420000000,15,73742,0000000
23,15739080000000,15,73908,0000000
23,15751680000000,15,75168,0000000
23,16101650000000,16,10165,0000000
23,16638750112698,16,63875,0112698
23,16638750101717,16,63875,0101717
23,16638750000000,16,63875,0000000
23,16638830000000,16,63883,0000000
23,16638910000000,16,63891,0000000
23,16639170000000,16,63917,0000000
23,16639250137901,16,63925,0137901
23,16639250000000,16,63925,0000000
23,16639330000000,16,63933,0000000
23,16639410000000,16,63941,0000000
23,16639580136556,16,63958,0136556
23,16639586113120,16,63958,6113120
23,16639580000000,16,63958,0000000
23,16639660000000,16,63966,0000000
23,16639740100156,16,63974,0100156
23,16639740000000,16,63974,0000000
23,16639820110205,16,63982,0110205
23,16639820136234,16,63982,0136234
23,16639820000000,16,63982,0000000
23,16639900000000,16,63990,0000000
23,16739320000000,16,73932,0000000
23,17101730000000,17,10173,0000000
23,17640140000000,17,64014,0000000
23,17640220000000,17,64022,0000000
23,17640300000000,17,64030,0000000
23,17640480000000,17,64048,0000000
23,17640550129601,17,64055,0129601
23,17640550108340,17,64055,0108340
23,17640550000000,17,64055,0000000
23,17769760000000,17,76976,0000000
23,18101810000000,18,10181,0000000
23,18640890000000,18,64089,0000000
23,18641050000000,18,64105,0000000
23,18641130000000,18,64113,0000000
23,18641390000000,18,64139,0000000
23,18641620000000,18,64162,0000000
23,18641700000000,18,64170,0000000
23,18641880000000,18,64188,0000000
23,18641960135756,18,64196,0135756
23,18641960000000,18,64196,0000000
23,18642040000000,18,64204,0000000
23,18750366010763,18,75036,6010763
23,18750360121657,18,75036,0121657
23,18750360000000,18,75036,0000000
23,19101990135368,19,10199,0135368
23,19101990136119,19,10199,0136119
23,19101990109660,19,10199,0109660
23,19101990112128,19,10199,0112128
23,19101990140798,19,10199,0140798
23,19101990138669,19,10199,0138669
23,19101990140681,19,10199,0140681
23,19101990121772,19,10199,0121772
23,19101990127498,19,10199,0127498
23,19101990134346,19,10199,0134346
23,19101990106880,19,10199,0106880
23,19101990140772,19,10199,0140772
23,19101990128025,19,10199,0128025
23,19101990139170,19,10199,0139170
23,19101996119945,19,10199,6119945
23,19101990115212,19,10199,0115212
23,19101990115030,19,10199,0115030
23,19101990137679,19,10199,0137679
23,19101990100776,19,10199,0100776
23,19101996116883,19,10199,6116883
23,19101990135582,19,10199,0135582
23,19101990134361,19,10199,0134361
23,19101990137166,19,10199,0137166
23,19101990140756,19,10199,0140756
23,19101990140962,19,10199,0140962
23,19101990132605,19,10199,0132605
23,19101990139345,19,10199,0139345
23,19101990000000,19,10199,0000000
23,19642120000000,19,64212,0000000
23,19642460126003,19,64246,0126003
23,19642461996537,19,64246,1996537
23,19642460000000,19,64246,0000000
23,19642610000000,19,64261,0000000
23,19642790000000,19,64279,0000000
23,19642871996479,19,64287,1996479
23,19642870000000,19,64287,0000000
23,19642950000000,19,64295,0000000
23,19643030000000,19,64303,0000000
23,19643110000000,19,64311,0000000
23,19643290000000,19,64329,0000000
23,19643370000000,19,64337,0000000
23,19643450000000,19,64345,0000000
23,19643520128488,19,64352,0128488
23,19643520128496,19,64352,0128496
23,19643520000000,19,64352,0000000
23,19643780000000,19,64378,0000000
23,19643940000000,19,64394,0000000
23,19644360000000,19,64436,0000000
23,19644440000000,19,64444,0000000
23,19644510000000,19,64451,0000000
23,19644690134858,19,64469,0134858
23,19644690128736,19,64469,0128736
23,19644690139535,19,64469,0139535
23,19644690000000,19,64469,0000000
23,19644770000000,19,64477,0000000
23,19644850000000,19,64485,0000000
23,19645010000000,19,64501,0000000
23,19645190000000,19,64519,0000000
23,19645270000000,19,64527,0000000
23,19645350000000,19,64535,0000000
23,19645500000000,19,64550,0000000
23,19645680000000,19,64568,0000000
23,19645760000000,19,64576,0000000
23,19645841996305,19,64584,1996305
23,19645840000000,19,64584,0000000
23,19645920100354,19,64592,0100354
23,19645920000000,19,64592,0000000
23,19646000000000,19,64600,0000000
23,19646260000000,19,64626,0000000
23,19646341996586,19,64634,1996586
23,19646341996529,19,64634,1996529
23,19646340128991,19,64634,0128991
23,19646340120303,19,64634,0120303
23,19646346014518,19,64634,6014518
23,19646340101667,19,64634,0101667
23,19646340116822,19,64634,0116822
23,19646340000000,19,64634,0000000
23,19646420136127,19,64642,0136127
23,19646420000000,19,64642,0000000
23,19646590000000,19,64659,0000000
23,19646670125559,19,64667,0125559
23,19646670123174,19,64667,0123174
23,19646670000000,19,64667,0000000
23,19646830000000,19,64683,0000000
23,19646911996438,19,64691,1996438
23,19646910000000,19,64691,0000000
23,19647091996313,19,64709,1996313
23,19647090107508,19,64709,0107508
23,19647090100602,19,64709,0100602
23,19647090000000,19,64709,0000000
23,19647170000000,19,64717,0000000
23,19647250131938,19,64725,0131938
23,19647250127506,19,64725,0127506
23,19647250000000,19,64725,0000000
23,19647330120097,19,64733,0120097
23,19647330139055,19,64733,0139055
23,19647336112536,19,64733,6112536
23,19647330100743,19,64733,0100743
23,19647330118588,19,64733,0118588
23,19647336061543,19,64733,6061543
23,19647330121285,19,64733,0121285
23,19647330128058,19,64733,0128058
23,19647330120030,19,64733,0120030
23,19647330128033,19,64733,0128033
23,19647330108936,19,64733,0108936
23,19647330111500,19,64733,0111500
23,19647330106864,19,64733,0106864
23,19647330111518,19,64733,0111518
23,19647330108894,19,64733,0108894
23,19647330128041,19,64733,0128041
23,19647330117606,19,64733,0117606
23,19647330111658,19,64733,0111658
23,19647330124941,19,64733,0124941
23,19647330132084,19,64733,0132084
23,19647330116509,19,64733,0116509
23,19647330111641,19,64733,0111641
23,19647330111492,19,64733,0111492
23,19647330117598,19,64733,0117598
23,19647330124891,19,64733,0124891
23,19647330123133,19,64733,0123133
23,19647330123141,19,64733,0123141
23,19647330121293,19,64733,0121293
23,19647330128009,19,64733,0128009
23,19647330132928,19,64733,0132928
23,19647330123992,19,64733,0123992
23,19647330134023,19,64733,0134023
23,19647330111583,19,64733,0111583
23,19647330124008,19,64733,0124008
23,19647330122481,19,64733,0122481
23,19647330124016,19,64733,0124016
23,19647330129270,19,64733,0129270
23,19647330106849,19,64733,0106849
23,19647330111575,19,64733,0111575
23,19647330102434,19,64733,0102434
23,19647330106831,19,64733,0106831
23,19647330111625,19,64733,0111625
23,19647330117077,19,64733,0117077
23,19647330121079,19,64733,0121079
23,19647330123158,19,64733,0123158
23,19647330134205,19,64733,0134205
23,19647330126797,19,64733,0126797
23,19647330122622,19,64733,0122622
23,19647330122614,19,64733,0122614
23,19647330124800,19,64733,0124800
23,19647330124792,19,64733,0124792
23,19647330114884,19,64733,0114884
23,19647330122721,19,64733,0122721
23,19647330124784,19,64733,0124784
23,19647330120477,19,64733,0120477
23,19647336015986,19,64733,6015986
23,19647330106872,19,64733,0106872
23,19647330132126,19,64733,0132126
23,19647331931047,19,64733,1931047
23,19647336016240,19,64733,6016240
23,19647330112235,19,64733,0112235
23,19647330137463,19,64733,0137463
23,19647336016265,19,64733,6016265
23,19647336117667,19,64733,6117667
23,19647330122861,19,64733,0122861
23,19647330124826,19,64733,0124826
23,19647330122564,19,64733,0122564
23,19647330127910,19,64733,0127910
23,19647336016323,19,64733,6016323
23,19647336016356,19,64733,6016356
23,19647336071435,19,64733,6071435
23,19647330101659,19,64733,0101659
23,19647330115139,19,64733,0115139
23,19647330100800,19,64733,0100800
23,19647330108878,19,64733,0108878
23,19647331931708,19,64733,1931708
23,19647336119531,19,64733,6119531
23,19647330140749,19,64733,0140749
23,19647330122556,19,64733,0122556
23,19647330126193,19,64733,0126193
23,19647330126177,19,64733,0126177
23,19647330139832,19,64733,0139832
23,19647330127886,19,64733,0127886
23,19647336016562,19,64733,6016562
23,19647330131821,19,64733,0131821
23,19647336094726,19,64733,6094726
23,19647330135616,19,64733,0135616
23,19647330121848,19,64733,0121848
23,19647336016729,19,64733,6016729
23,19647330115253,19,64733,0115253
23,19647336016778,19,64733,6016778
23,19647336119903,19,64733,6119903
23,19647330102491,19,64733,0102491
23,19647330135723,19,64733,0135723
23,19647330132282,19,64733,0132282
23,19647330135715,19,64733,0135715
23,19647330140129,19,64733,0140129
23,19647330125864,19,64733,0125864
23,19647331932623,19,64733,1932623
23,19647336016869,19,64733,6016869
23,19647330140004,19,64733,0140004
23,19647336057988,19,64733,6057988
23,19647330117036,19,64733,0117036
23,19647336016935,19,64733,6016935
23,19647330126169,19,64733,0126169
23,19647330129650,19,64733,0129650
23,19647330133686,19,64733,0133686
23,19647330139121,19,64733,0139121
23,19647330138883,19,64733,0138883
23,19647330119982,19,64733,0119982
23,19647330129858,19,64733,0129858
23,19647330124198,19,64733,0124198
23,19647330128132,19,64733,0128132
23,19647336017016,19,64733,6017016
23,19647330131722,19,64733,0131722
23,19647330115048,19,64733,0115048
23,19647330131466,19,64733,0131466
23,19647330108886,19,64733,0108886
23,19647330135509,19,64733,0135509
23,19647336061584,19,64733,6061584
23,19647336061477,19,64733,6061477
23,19647330133710,19,64733,0133710
23,19647330114967,19,64733,0114967
23,19647330129833,19,64733,0129833
23,19647330117978,19,64733,0117978
23,19647331933746,19,64733,1933746
23,19647331931864,19,64733,1931864
23,19647336017438,19,64733,6017438
23,19647336017529,19,64733,6017529
23,19647330112060,19,64733,0112060
23,19647330100677,19,64733,0100677
23,19647330137471,19,64733,0137471
23,19647330117952,19,64733,0117952
23,19647336117048,19,64733,6117048
23,19647330101196,19,64733,0101196
23,19647336121081,19,64733,6121081
23,19647330117937,19,64733,0117937
23,19647330115287,19,64733,0115287
23,19647330121137,19,64733,0121137
23,19647330127985,19,64733,0127985
23,19647330140111,19,64733,0140111
23,19647330123984,19,64733,0123984
23,19647330135954,19,64733,0135954
23,19647330108910,19,64733,0108910
23,19647330122655,19,64733,0122655
23,19647330123166,19,64733,0123166
23,19647330106351,19,64733,0106351
23,19647330115113,19,64733,0115113
23,19647330109884,19,64733,0109884
23,19647336017693,19,64733,6017693
23,19647336017701,19,64733,6017701
23,19647330128512,19,64733,0128512
23,19647330101444,19,64733,0101444
23,19647330121707,19,64733,0121707
23,19647330135517,19,64733,0135517
23,19647330121699,19,64733,0121699
23,19647330120014,19,64733,0120014
23,19647330141481,19,64733,0141481
23,19647330131771,19,64733,0131771
23,19647330127670,19,64733,0127670
23,19647330100867,19,64733,0100867
23,19647330125609,19,64733,0125609
23,19647330131797,19,64733,0131797
23,19647330139071,19,64733,0139071
23,19647330117903,19,64733,0117903
23,19647330125625,19,64733,0125625
23,19647330125641,19,64733,0125641
23,19647330129460,19,64733,0129460
23,19647336017743,19,64733,6017743
23,19647330108928,19,64733,0108928
23,19647330137513,19,64733,0137513
23,19647330131904,19,64733,0131904
23,19647336017891,19,64733,6017891
23,19647330110304,19,64733,0110304
23,19647331996610,19,64733,1996610
23,19647330124818,19,64733,0124818
23,19647336058150,19,64733,6058150
23,19647330117622,19,64733,0117622
23,19647330117648,19,64733,0117648
23,19647330117655,19,64733,0117655
23,19647330122747,19,64733,0122747
23,19647336018063,19,64733,6018063
23,19647330126136,19,64733,0126136
23,19647330137562,19,64733,0137562
23,19647330114959,19,64733,0114959
23,19647336018204,19,64733,6018204
23,19647336119044,19,64733,6119044
23,19647330102483,19,64733,0102483
23,19647330100289,19,64733,0100289
23,19647336018287,19,64733,6018287
23,19647330102541,19,64733,0102541
23,19647330120071,19,64733,0120071
23,19647330111211,19,64733,0111211
23,19647330128371,19,64733,0128371
23,19647330117614,19,64733,0117614
23,19647330133702,19,64733,0133702
23,19647330117911,19,64733,0117911
23,19647330111484,19,64733,0111484
23,19647330102335,19,64733,0102335
23,19647336097927,19,64733,6097927
23,19647330101675,19,64733,0101675
23,19647330109934,19,64733,0109934
23,19647336018642,19,64733,6018642
23,19647336018634,19,64733,6018634
23,19647331995836,19,64733,1995836
23,19647330122630,19,64733,0122630
23,19647336120489,19,64733,6120489
23,19647330117846,19,64733,0117846
23,19647336058267,19,64733,6058267
23,19647336018725,19,64733,6018725
23,19647336018774,19,64733,6018774
23,19647330107755,19,64733,0107755
23,19647330127936,19,64733,0127936
23,19647330133298,19,64733,0133298
23,19647330129619,19,64733,0129619
23,19647336116750,19,64733,6116750
23,19647330124933,19,64733,0124933
23,19647330112201,19,64733,0112201
23,19647330129593,19,64733,0129593
23,19647330102442,19,64733,0102442
23,19647330122606,19,64733,0122606
23,19647330102426,19,64733,0102426
23,19647330133280,19,64733,0133280
23,19647330133272,19,64733,0133272
23,19647336120471,19,64733,6120471
23,19647330101683,19,64733,0101683
23,19647331937226,19,64733,1937226
23,19647330136994,19,64733,0136994
23,19647330133868,19,64733,0133868
23,19647330124222,19,64733,0124222
23,19647336018923,19,64733,6018923
23,19647336019079,19,64733,6019079
23,19647330139097,19,64733,0139097
23,19647336019111,19,64733,6019111
23,19647336019186,19,64733,6019186
23,19647330137604,19,64733,0137604
23,19647330112508,19,64733,0112508
23,19647330100669,19,64733,0100669
23,19647330136986,19,64733,0136986
23,19647336019392,19,64733,6019392
23,19647331938554,19,64733,1938554
23,19647330106427,19,64733,0106427
23,19647330117895,19,64733,0117895
23,19647330124560,19,64733,0124560
23,19647331938612,19,64733,1938612
23,19647330122242,19,64733,0122242
23,19647330138305,19,64733,0138305
23,19647330129627,19,64733,0129627
23,19647330134148,19,64733,0134148
23,19647336019525,19,64733,6019525
23,19647336019533,19,64733,6019533
23,19647331938885,19,64733,1938885
23,19647330132027,19,64733,0132027
23,19647330122754,19,64733,0122754
23,19647330122838,19,64733,0122838
23,19647330137612,19,64733,0137612
23,19647330133694,19,64733,0133694
23,19647330127894,19,64733,0127894
23,19647330120022,19,64733,0120022
23,19647336019673,19,64733,6019673
23,19647336019715,19,64733,6019715
23,19647330129866,19,64733,0129866
23,19647330122739,19,64733,0122739
23,19647330139089,19,64733,0139089
23,19647330137521,19,64733,0137521
23,19647330100750,19,64733,0100750
23,19647336114912,19,64733,6114912
23,19647330120527,19,64733,0120527
23,19647336019855,19,64733,6019855
23,19647336019939,19,64733,6019939
23,19647336019954,19,64733,6019954
23,19647330135632,19,64733,0135632
23,19647330135921,19,64733,0135921
23,19647336020036,19,64733,6020036
23,19647336020044,19,64733,6020044
23,19647330000000,19,64733,0000000
23,19647580000000,19,64758,0000000
23,19647740000000,19,64774,0000000
23,19647900000000,19,64790,0000000
23,19648080000000,19,64808,0000000
23,19648160000000,19,64816,0000000
23,19648320000000,19,64832,0000000
23,19648400000000,19,64840,0000000
23,19648570112714,19,64857,0112714
23,19648570140889,19,64857,0140889
23,19648570125377,19,64857,0125377
23,19648570000000,19,64857,0000000
23,19648650000000,19,64865,0000000
23,19648730000000,19,64873,0000000
23,19648810113464,19,64881,0113464
23,19648810113472,19,64881,0113472
23,19648810118075,19,64881,0118075
23,19648810136945,19,64881,0136945
23,19648810113894,19,64881,0113894
23,19648810000000,19,64881,0000000
23,19649076021984,19,64907,6021984
23,19649071996693,19,64907,1996693
23,19649070115170,19,64907,0115170
23,19649070000000,19,64907,0000000
23,19649310000000,19,64931,0000000
23,19649640000000,19,64964,0000000
23,19649800000000,19,64980,0000000
23,19649980000000,19,64998,0000000
23,19650290000000,19,65029,0000000
23,19650370000000,19,65037,0000000
23,19650450000000,19,65045,0000000
23,19650520000000,19,65052,0000000
23,19650600000000,19,65060,0000000
23,19650780000000,19,65078,0000000
23,19650940112706,19,65094,0112706
23,19650946023527,19,65094,6023527
23,19650940000000,19,65094,0000000
23,19651020000000,19,65102,0000000
23,19651100000000,19,65110,0000000
23,19651280000000,19,65128,0000000
23,19651360114439,19,65136,0114439
23,19651361996263,19,65136,1996263
23,19651360117234,19,65136,0117234
23,19651360000000,19,65136,0000000
23,19651510000000,19,65151,0000000
23,19734370137984,19,73437,0137984
23,19734370118760,19,73437,0118760
23,19734370137240,19,73437,0137240
23,19734370134338,19,73437,0134338
23,19734370137893,19,73437,0137893
23,19734370115725,19,73437,0115725
23,19734370132845,19,73437,0132845
23,19734370000000,19,73437,0000000
23,19734450000000,19,73445,0000000
23,19734520120600,19,73452,0120600
23,19734520000000,19,73452,0000000
23,19734600000000,19,73460,0000000
23,19752911996016,19,75291,1996016
23,19752910000000,19,75291,0000000
23,19753090127100,19,75309,0127100
23,19753090132654,19,75309,0132654
23,19753090135145,19,75309,0135145
23,19753090134619,19,75309,0134619
23,19753090138297,19,75309,0138297
23,19753090131987,19,75309,0131987
23,19753090136531,19,75309,0136531
23,19753090137703,19,75309,0137703
23,19753090137786,19,75309,0137786
23,19753090136648,19,75309,0136648
23,19753090131383,19,75309,0131383
23,19753090000000,19,75309,0000000
23,19753330000000,19,75333,0000000
23,19753410000000,19,75341,0000000
23,19756636120158,19,75663,6120158
23,19757130000000,19,75713,0000000
23,19768690131128,19,76869,0131128
23,19768690128728,19,76869,0128728
23,19768690119636,19,76869,0119636
23,19768690119016,19,76869,0119016
23,19768690000000,19,76869,0000000
23,19769680109926,19,76968,0109926
23,19772890109942,19,77289,0109942
23,20102070117184,20,10207,0117184
23,20102072030229,20,10207,2030229
23,20102070000000,20,10207,0000000
23,20651770000000,20,65177,0000000
23,20651850129015,20,65185,0129015
23,20651850000000,20,65185,0000000
23,20651930000000,20,65193,0000000
23,20652010000000,20,65201,0000000
23,20652430107938,20,65243,0107938
23,20652430100016,20,65243,0100016
23,20652430118950,20,65243,0118950
23,20652430134510,20,65243,0134510
23,20652430000000,20,65243,0000000
23,20652760000000,20,65276,0000000
23,20755800000000,20,75580,0000000
23,20756060132936,20,75606,0132936
23,20756060125021,20,75606,0125021
23,20756060000000,20,75606,0000000
23,20764142030237,20,76414,2030237
23,20764146110076,20,76414,6110076
23,20764140000000,20,76414,0000000
23,21102152130102,21,10215,2130102
23,21102150135350,21,10215,0135350
23,21102150000000,21,10215,0000000
23,21653000000000,21,65300,0000000
23,21653180000000,21,65318,0000000
23,21653340000000,21,65334,0000000
23,21653420000000,21,65342,0000000
23,21653590000000,21,65359,0000000
23,21653670000000,21,65367,0000000
23,21653910000000,21,65391,0000000
23,21654090000000,21,65409,0000000
23,21654176113229,21,65417,6113229
23,21654170000000,21,65417,0000000
23,21654250000000,21,65425,0000000
23,21654330000000,21,65433,0000000
23,21654580000000,21,65458,0000000
23,21654660000000,21,65466,0000000
23,21654740000000,21,65474,0000000
23,21654820000000,21,65482,0000000
23,21733610000000,21,73361,0000000
23,21750020000000,21,75002,0000000
23,22102230000000,22,10223,0000000
23,22655320125823,22,65532,0125823
23,22655320000000,22,65532,0000000
23,23102310000000,23,10231,0000000
23,23655400000000,23,65540,0000000
23,23655576116669,23,65557,6116669
23,23655570000000,23,65557,0000000
23,23655650123737,23,65565,0123737
23,23655650000000,23,65565,0000000
23,23655730000000,23,65573,0000000
23,23655810000000,23,65581,0000000
23,23655990000000,23,65599,0000000
23,23656072330272,23,65607,2330272
23,23656070000000,23,65607,0000000
23,23656152330413,23,65615,2330413
23,23656150115055,23,65615,0115055
23,23656152330454,23,65615,2330454
23,23656150140814,23,65615,0140814
23,23656156117386,23,65615,6117386
23,23656150000000,23,65615,0000000
23,23656230112300,23,65623,0112300
23,23656232330363,23,65623,2330363
23,23656230125658,23,65623,0125658
23,23656230000000,23,65623,0000000
23,23738660000000,23,73866,0000000
23,23739160000000,23,73916,0000000
23,23752180000000,23,75218,0000000
23,24102490138032,24,10249,0138032
23,24102490106518,24,10249,0106518
23,24102490000000,24,10249,0000000
23,24656310000000,24,65631,0000000
23,24656496025381,24,65649,6025381
23,24656490000000,24,65649,0000000
23,24656800000000,24,65680,0000000
23,24656980000000,24,65698,0000000
23,24657220000000,24,65722,0000000
23,24657300000000,24,65730,0000000
23,24657480000000,24,65748,0000000
23,24657550000000,24,65755,0000000
23,24657630000000,24,65763,0000000
23,24657710000000,24,65771,0000000
23,24657890000000,24,65789,0000000
23,24658130000000,24,65813,0000000
23,24658210000000,24,65821,0000000
23,24658390000000,24,65839,0000000
23,24658620000000,24,65862,0000000
23,24658700000000,24,65870,0000000
23,24736190000000,24,73619,0000000
23,24737260000000,24,73726,0000000
23,24753170000000,24,75317,0000000
23,24753660000000,24,75366,0000000
23,25102560000000,25,10256,0000000
23,25658960000000,25,65896,0000000
23,25735850000000,25,73585,0000000
23,25735930000000,25,73593,0000000
23,26102640124990,26,10264,0124990
23,26102640000000,26,10264,0000000
23,26736680000000,26,73668,0000000
23,26736920000000,26,73692,0000000
23,27102720124297,27,10272,0124297
23,27102720112177,27,10272,0112177
23,27102722730232,27,10272,2730232
23,27102726119663,27,10272,6119663
23,27102720116491,27,10272,0116491
23,27102720000000,27,10272,0000000
23,27659610000000,27,65961,0000000
23,27659790000000,27,65979,0000000
23,27659870000000,27,65987,0000000
23,27659950000000,27,65995,0000000
23,27660270000000,27,66027,0000000
23,27660350000000,27,66035,0000000
23,27660500000000,27,66050,0000000
23,27660680000000,27,66068,0000000
23,27660760000000,27,66076,0000000
23,27660840000000,27,66084,0000000
23,27660926118962,27,66092,6118962
23,27660922730240,27,66092,2730240
23,27660920000000,27,66092,0000000
23,27661340000000,27,66134,0000000
23,27661420000000,27,66142,0000000
23,27661590000000,27,66159,0000000
23,27661670000000,27,66167,0000000
23,27661750000000,27,66175,0000000
23,27661830000000,27,66183,0000000
23,27661910000000,27,66191,0000000
23,27662250000000,27,66225,0000000
23,27662330000000,27,66233,0000000
23,27738250000000,27,73825,0000000
23,27751500118349,27,75150,0118349
23,27751500000000,27,75150,0000000
23,27754400000000,27,75440,0000000
23,27754730000000,27,75473,0000000
23,28102800000000,28,10280,0000000
23,28662410000000,28,66241,0000000
23,28662580000000,28,66258,0000000
23,28662660108605,28,66266,0108605
23,28662660000000,28,66266,0000000
23,28662820000000,28,66282,0000000
23,28662900000000,28,66290,0000000
23,29102980114314,29,10298,0114314
23,29102980130823,29,10298,0130823
23,29102980126219,29,10298,0126219
23,29102982930147,29,10298,2930147
23,29102980114330,29,10298,0114330
23,29102980126227,29,10298,0126227
23,29102980114322,29,10298,0114322
23,29102980000000,29,10298,0000000
23,29663160125013,29,66316,0125013
23,29663160000000,29,66316,0000000
23,29663240000000,29,66324,0000000
23,29663326111140,29,66332,6111140
23,29663320000000,29,66332,0000000
23,29663400000000,29,66340,0000000
23,29663570124834,29,66357,0124834
23,29663570000000,29,66357,0000000
23,29663730136424,29,66373,0136424
23,29663730000000,29,66373,0000000
23,29664076027197,29,66407,6027197
23,29664070000000,29,66407,0000000
23,29664150000000,29,66415,0000000
23,29768776111371,29,76877,6111371
23,29768770000000,29,76877,0000000
23,30103060134940,30,10306,0134940
23,30103060132910,30,10306,0132910
23,30103060133983,30,10306,0133983
23,30103060134239,30,10306,0134239
23,30103060139469,30,10306,0139469
23,30103060140822,30,10306,0140822
23,30103063030723,30,10306,3030723
23,30103060134056,30,10306,0134056
23,30103060139964,30,10306,0139964
23,30103060134841,30,10306,0134841
23,30103060133785,30,10306,0133785
23,30103060126037,30,10306,0126037
23,30103060134288,30,10306,0134288
23,30103060138800,30,10306,0138800
23,30103060139352,30,10306,0139352
23,30103060137976,30,10306,0137976
23,30103060133959,30,10306,0133959
23,30103060137000,30,10306,0137000
23,30103060132613,30,10306,0132613
23,30103060000000,30,10306,0000000
23,30647660000000,30,64766,0000000
23,30664236027379,30,66423,6027379
23,30664230131417,30,66423,0131417
23,30664230000000,30,66423,0000000
23,30664310000000,30,66431,0000000
23,30664490000000,30,66449,0000000
23,30664560000000,30,66456,0000000
23,30664640106765,30,66464,0106765
23,30664640123729,30,66464,0123729
23,30664646117758,30,66464,6117758
23,30664640140061,30,66464,0140061
23,30664646120356,30,66464,6120356
23,30664640124743,30,66464,0124743
23,30664640000000,30,66464,0000000
23,30664720000000,30,66472,0000000
23,30664800000000,30,66480,0000000
23,30664980000000,30,66498,0000000
23,30665060000000,30,66506,0000000
23,30665140000000,30,66514,0000000
23,30665220000000,30,66522,0000000
23,30665300134221,30,66530,0134221
23,30665300000000,30,66530,0000000
23,30665480000000,30,66548,0000000
23,30665550000000,30,66555,0000000
23,30665630000000,30,66563,0000000
23,30665890000000,30,66589,0000000
23,30665970000000,30,66597,0000000
23,30666130000000,30,66613,0000000
23,30666216094874,30,66621,6094874
23,30666216085328,30,66621,6085328
23,30666210000000,30,66621,0000000
23,30666470000000,30,66647,0000000
23,30666700135897,30,66670,0135897
23,30666700101626,30,66670,0101626
23,30666706119127,30,66670,6119127
23,30666700106567,30,66670,0106567
23,30666700109066,30,66670,0109066
23,30666700000000,30,66670,0000000
23,30666960000000,30,66696,0000000
23,30667460000000,30,66746,0000000
23,30736350000000,30,73635,0000000
23,30736430000000,30,73643,0000000
23,30736500000000,30,73650,0000000
23,30739240000000,30,73924,0000000
23,30768930130765,30,76893,0130765
23,31103140126904,31,10314,0126904
23,31103140000000,31,10314,0000000
23,31667610000000,31,66761,0000000
23,31667790000000,31,66779,0000000
23,31667870126664,31,66787,0126664
23,31667870000000,31,66787,0000000
23,31667950000000,31,66795,0000000
23,31668030000000,31,66803,0000000
23,31668290000000,31,66829,0000000
23,31668370000000,31,66837,0000000
23,31668450117150,31,66845,0117150
23,31668450000000,31,66845,0000000
23,31668520120105,31,66852,0120105
23,31668520121608,31,66852,0121608
23,31668520109827,31,66852,0109827
23,31668520127928,31,66852,0127928
23,31668520000000,31,66852,0000000
23,31668860000000,31,66886,0000000
23,31668940138081,31,66894,0138081
23,31668940000000,31,66894,0000000
23,31669100000000,31,66910,0000000
23,31669280121418,31,66928,0121418
23,31669280141622,31,66928,0141622
23,31669280000000,31,66928,0000000
23,31669440121624,31,66944,0121624
23,31669440000000,31,66944,0000000
23,31669513130168,31,66951,3130168
23,31669510135871,31,66951,0135871
23,31669510000000,31,66951,0000000
23,31750850117879,31,75085,0117879
23,31750850137927,31,75085,0137927
23,31750856118392,31,75085,6118392
23,31750850114371,31,75085,0114371
23,31750850119487,31,75085,0119487
23,31750850000000,31,75085,0000000
23,32103220000000,32,10322,0000000
23,32669693230083,32,66969,3230083
23,32669690000000,32,66969,0000000
23,33103300140780,33,10330,0140780
23,33103300128397,33,10330,0128397
23,33103300137869,33,10330,0137869
23,33103300139428,33,10330,0139428
23,33103300128777,33,10330,0128777
23,33103300125385,33,10330,0125385
23,33103300138602,33,10330,0138602
23,33103300138024,33,10330,0138024
23,33103300137851,33,10330,0137851
23,33103300125237,33,10330,0125237
23,33103300137836,33,10330,0137836
23,33103300110833,33,10330,0110833
23,33103300136168,33,10330,0136168
23,33103300000000,33,10330,0000000
23,33669770000000,33,66977,0000000
23,33669850000000,33,66985,0000000
23,33669930127142,33,66993,0127142
23,33669930139360,33,66993,0139360
23,33669930000000,33,66993,0000000
23,33670330000000,33,67033,0000000
23,33670410000000,33,67041,0000000
23,33670586031959,33,67058,6031959
23,33670586031991,33,67058,6031991
23,33670580000000,33,67058,0000000
23,33670820120675,33,67082,0120675
23,33670820000000,33,67082,0000000
23,33670900000000,33,67090,0000000
23,33671160109843,33,67116,0109843
23,33671160000000,33,67116,0000000
23,33671240000000,33,67124,0000000
23,33671573331014,33,67157,3331014
23,33671570000000,33,67157,0000000
23,33671736032411,33,67173,6032411
23,33671730000000,33,67173,0000000
23,33671810138610,33,67181,0138610
23,33671810000000,33,67181,0000000
23,33671996105571,33,67199,6105571
23,33671990000000,33,67199,0000000
23,33672070101170,33,67207,0101170
23,33672070000000,33,67207,0000000
23,33672150126128,33,67215,0126128
23,33672150000000,33,67215,0000000
23,33672310000000,33,67231,0000000
23,33672496114748,33,67249,6114748
23,33672490000000,33,67249,0000000
23,33736760121673,33,73676,0121673
23,33736760000000,33,73676,0000000
23,33751760120204,33,75176,0120204
23,33751760000000,33,75176,0000000
23,33751923330917,33,75192,3330917
23,33751926112551,33,75192,6112551
23,33751920000000,33,75192,0000000
23,33752000000000,33,75200,0000000
23,33752420000000,33,75242,0000000
23,34103480140160,34,10348,0140160
23,34103480136275,34,10348,0136275
23,34103480000000,34,10348,0000000
23,34672800000000,34,67280,0000000
23,34673140111732,34,67314,0111732
23,34673146112254,34,67314,6112254
23,34673140137281,34,67314,0137281
23,34673140000000,34,67314,0000000
23,34673220000000,34,67322,0000000
23,34673300106757,34,67330,0106757
23,34673300000000,34,67330,0000000
23,34673480000000,34,67348,0000000
23,34673550000000,34,67355,0000000
23,34674130114660,34,67413,0114660
23,34674130000000,34,67413,0000000
23,34674210137950,34,67421,0137950
23,34674210140178,34,67421,0140178
23,34674210132019,34,67421,0132019
23,34674210000000,34,67421,0000000
23,34674390102343,34,67439,0102343
23,34674396033799,34,67439,6033799
23,34674390111757,34,67439,0111757
23,34674390123901,34,67439,0123901
23,34674390101899,34,67439,0101899
23,34674390135343,34,67439,0135343
23,34674390131136,34,67439,0131136
23,34674390101881,34,67439,0101881
23,34674390102038,34,67439,0102038
23,34674390137406,34,67439,0137406
23,34674390101295,34,67439,0101295
23,34674390101048,34,67439,0101048
23,34674390106898,34,67439,0106898
23,34674390101907,34,67439,0101907
23,34674390121665,34,67439,0121665
23,34674390000000,34,67439,0000000
23,34674470120469,34,67447,0120469
23,34674470121467,34,67447,0121467
23,34674470112169,34,67447,0112169
23,34674470128124,34,67447,0128124
23,34674470132399,34,67447,0132399
23,34674470114983,34,67447,0114983
23,34674473430691,34,67447,3430691
23,34674473430758,34,67447,3430758
23,34674473430717,34,67447,3430717
23,34674470000000,34,67447,0000000
23,34739730000000,34,73973,0000000
23,34752830126060,34,75283,0126060
23,34752833430659,34,75283,3430659
23,34752830112425,34,75283,0112425
23,34752830134049,34,75283,0134049
23,34752830120113,34,75283,0120113
23,34752830108860,34,75283,0108860
23,34752830000000,34,75283,0000000
23,34765050139584,34,76505,0139584
23,34765050108837,34,76505,0108837
23,34765050101766,34,76505,0101766
23,34765050108795,34,76505,0108795
23,34765050101832,34,76505,0101832
23,34765050108415,34,76505,0108415
23,34765050113878,34,76505,0113878
23,34765050130757,34,76505,0130757
23,34765050114272,34,76505,0114272
23,34765056033336,34,76505,6033336
23,34765056112643,34,76505,6112643
23,34765050000000,34,76505,0000000
23,35103550000000,35,10355,0000000
23,35674540000000,35,67454,0000000
23,35674620000000,35,67462,0000000
23,35674700127688,35,67470,0127688
23,35674700000000,35,67470,0000000
23,35674880000000,35,67488,0000000
23,35675040000000,35,67504,0000000
23,35675200000000,35,67520,0000000
23,35675380000000,35,67538,0000000
23,35675530000000,35,67553,0000000
23,35675610000000,35,67561,0000000
23,35675790000000,35,67579,0000000
23,35752590000000,35,75259,0000000
23,36103636111918,36,10363,6111918
23,36103630140012,36,10363,0140012
23,36103633630761,36,10363,3630761
23,36103630115808,36,10363,0115808
23,36103630139147,36,10363,0139147
23,36103630000000,36,10363,0000000
23,36675870128462,36,67587,0128462
23,36675870000000,36,67587,0000000
23,36675950000000,36,67595,0000000
23,36676110000000,36,67611,0000000
23,36676370000000,36,67637,0000000
23,36676450000000,36,67645,0000000
23,36676520000000,36,67652,0000000
23,36676780137547,36,67678,0137547
23,36676780000000,36,67678,0000000
23,36676860000000,36,67686,0000000
23,36676940000000,36,67694,0000000
23,36677020000000,36,67702,0000000
23,36677100000000,36,67710,0000000
23,36677360116723,36,67736,0116723
23,36677360128439,36,67736,0128439
23,36677360139576,36,67736,0139576
23,36677360130948,36,67736,0130948
23,36677360136069,36,67736,0136069
23,36677360136937,36,67736,0136937
23,36677360000000,36,67736,0000000
23,36677770000000,36,67777,0000000
23,36677850000000,36,67785,0000000
23,36677930000000,36,67793,0000000
23,36678010000000,36,67801,0000000
23,36678190000000,36,67819,0000000
23,36678270137174,36,67827,0137174
23,36678270137232,36,67827,0137232
23,36678270137182,36,67827,0137182
23,36678270137190,36,67827,0137190
23,36678270137216,36,67827,0137216
23,36678270137208,36,67827,0137208
23,36678270137224,36,67827,0137224
23,36678270113928,36,67827,0113928
23,36678270000000,36,67827,0000000
23,36678433630928,36,67843,3630928
23,36678430000000,36,67843,0000000
23,36678500000000,36,67850,0000000
23,36678680000000,36,67868,0000000
23,36678760107730,36,67876,0107730
23,36678760133892,36,67876,0133892
23,36678760136952,36,67876,0136952
23,36678760122317,36,67876,0122317
23,36678760121343,36,67876,0121343
23,36678760120006,36,67876,0120006
23,36678760120568,36,67876,0120568
23,36678763630993,36,67876,3630993
23,36678760109850,36,67876,0109850
23,36678760137935,36,67876,0137935
23,36678760117192,36,67876,0117192
23,36678760126714,36,67876,0126714
23,36678760000000,36,67876,0000000
23,36678920000000,36,67892,0000000
23,36679186118350,36,67918,6118350
23,36679186101927,36,67918,6101927
23,36679180000000,36,67918,0000000
23,36679343630670,36,67934,3630670
23,36679340000000,36,67934,0000000
23,36679590124032,36,67959,0124032
23,36679590114256,36,67959,0114256
23,36679590000000,36,67959,0000000
23,36738580000000,36,73858,0000000
23,36738900000000,36,73890,0000000
23,36739570000000,36,73957,0000000
23,36750440116707,36,75044,0116707
23,36750440118059,36,75044,0118059
23,36750440114389,36,75044,0114389
23,36750440112441,36,75044,0112441
23,36750440107516,36,75044,0107516
23,36750440000000,36,75044,0000000
23,36750510136432,36,75051,0136432
23,36750510136960,36,75051,0136960
23,36750510137794,36,75051,0137794
23,36750510139188,36,75051,0139188
23,36750510115089,36,75051,0115089
23,36750510138107,36,75051,0138107
23,36750510000000,36,75051,0000000
23,36750690000000,36,75069,0000000
23,36750773631207,36,75077,3631207
23,36750770000000,36,75077,0000000
23,37103710134577,37,10371,0134577
23,37103710138404,37,10371,0138404
23,37103710137695,37,10371,0137695
23,37103710137752,37,10371,0137752
23,37103710138594,37,10371,0138594
23,37103710124321,37,10371,0124321
23,37103710108548,37,10371,0108548
23,37103710138792,37,10371,0138792
23,37103716119119,37,10371,6119119
23,37103710138016,37,10371,0138016
23,37103710136085,37,10371,0136085
23,37103710000000,37,10371,0000000
23,37679670000000,37,67967,0000000
23,37679830134890,37,67983,0134890
23,37679830000000,37,67983,0000000
23,37679910140558,37,67991,0140558
23,37679910108563,37,67991,0108563
23,37679910119255,37,67991,0119255
23,37679910139394,37,67991,0139394
23,37679910000000,37,67991,0000000
23,37680070000000,37,68007,0000000
23,37680236116859,37,68023,6116859
23,37680236115778,37,68023,6115778
23,37680236111322,37,68023,6111322
23,37680236037956,37,68023,6037956
23,37680230138073,37,68023,0138073
23,37680230119594,37,68023,0119594
23,37680236037980,37,68023,6037980
23,37680230000000,37,68023,0000000
23,37680310000000,37,68031,0000000
23,37680490132506,37,68049,0132506
23,37680490136614,37,68049,0136614
23,37680490129221,37,68049,0129221
23,37680490136416,37,68049,0136416
23,37680490127118,37,68049,0127118
23,37680490000000,37,68049,0000000
23,37680560000000,37,68056,0000000
23,37680800000000,37,68080,0000000
23,37680986116776,37,68098,6116776
23,37680980101535,37,68098,0101535
23,37680980000000,37,68098,0000000
23,37681060137034,37,68106,0137034
23,37681060111195,37,68106,0111195
23,37681063731023,37,68106,3731023
23,37681060000000,37,68106,0000000
23,37681140000000,37,68114,0000000
23,37681220000000,37,68122,0000000
23,37681303732732,37,68130,3732732
23,37681303731262,37,68130,3731262
23,37681300139063,37,68130,0139063
23,37681300000000,37,68130,0000000
23,37681556117303,37,68155,6117303
23,37681550000000,37,68155,0000000
23,37681630139402,37,68163,0139402
23,37681630137109,37,68163,0137109
23,37681630128421,37,68163,0128421
23,37681630138628,37,68163,0138628
23,37681630138156,37,68163,0138156
23,37681633731239,37,68163,3731239
23,37681630000000,37,68163,0000000
23,37681710000000,37,68171,0000000
23,37681896120901,37,68189,6120901
23,37681893731072,37,68189,3731072
23,37681890000000,37,68189,0000000
23,37681970136408,37,68197,0136408
23,37681970000000,37,68197,0000000
23,37682050000000,37,68205,0000000
23,37682130127084,37,68213,0127084
23,37682130136978,37,68213,0136978
23,37682130138636,37,68213,0138636
23,37682130129668,37,68213,0129668
23,37682130123224,37,68213,0123224
23,37682130000000,37,68213,0000000
23,37682210101360,37,68221,0101360
23,37682210000000,37,68221,0000000
23,37682960000000,37,68296,0000000
23,37683040000000,37,68304,0000000
23,37683120000000,37,68312,0000000
23,37683380111898,37,68338,0111898
23,37683380136663,37,68338,0136663
23,37683383731395,37,68338,3731395
23,37683383730959,37,68338,3730959
23,37683380124347,37,68338,0124347
23,37683386039457,37,68338,6039457
23,37683380127647,37,68338,0127647
23,37683380129395,37,68338,0129395
23,37683380129387,37,68338,0129387
23,37683380119610,37,68338,0119610
23,37683386040018,37,68338,6040018
23,37683380114462,37,68338,0114462
23,37683380131565,37,68338,0131565
23,37683386117683,37,68338,6117683
23,37683383731247,37,68338,3731247
23,37683380106732,37,68338,0106732
23,37683380108787,37,68338,0108787
23,37683380101204,37,68338,0101204
23,37683380107573,37,68338,0107573
23,37683386117279,37,68338,6117279
23,37683380131979,37,68338,0131979
23,37683380118083,37,68338,0118083
23,37683380126730,37,68338,0126730
23,37683386039812,37,68338,6039812
23,37683386119598,37,68338,6119598
23,37683380109033,37,68338,0109033
23,37683380118851,37,68338,0118851
23,37683380111906,37,68338,0111906
23,37683386040190,37,68338,6040190
23,37683380101345,37,68338,0101345
23,37683380106799,37,68338,0106799
23,37683380109157,37,68338,0109157
23,37683386113211,37,68338,6113211
23,37683386115570,37,68338,6115570
23,37683380123778,37,68338,0123778
23,37683383731189,37,68338,3731189
23,37683386119168,37,68338,6119168
23,37683380121681,37,68338,0121681
23,37683380122788,37,68338,0122788
23,37683386061964,37,68338,6061964
23,37683380135913,37,68338,0135913
23,37683380000000,37,68338,0000000
23,37683460000000,37,68346,0000000
23,37683530000000,37,68353,0000000
23,37683610000000,37,68361,0000000
23,37683790000000,37,68379,0000000
23,37683870000000,37,68387,0000000
23,37683956040505,37,68395,6040505
23,37683956040513,37,68395,6040513
23,37683950000000,37,68395,0000000
23,37684036120893,37,68403,6120893
23,37684030125401,37,68403,0125401
23,37684030000000,37,68403,0000000
23,37684110126086,37,68411,0126086
23,37684113731304,37,68411,3731304
23,37684110000000,37,68411,0000000
23,37684370000000,37,68437,0000000
23,37684520128223,37,68452,0128223
23,37684520124917,37,68452,0124917
23,37684523730942,37,68452,3730942
23,37684520114264,37,68452,0114264
23,37684520106120,37,68452,0106120
23,37684520000000,37,68452,0000000
23,37735510000000,37,73551,0000000
23,37735690136267,37,73569,0136267
23,37735693731221,37,73569,3731221
23,37735690000000,37,73569,0000000
23,37737910138222,37,73791,0138222
23,37737910000000,37,73791,0000000
23,37754166119275,37,75416,6119275
23,37754160122796,37,75416,0122796
23,37754160132472,37,75416,0132472
23,37754160139386,37,75416,0139386
23,37754160139451,37,75416,0139451
23,37754160139378,37,75416,0139378
23,37754160138651,37,75416,0138651
23,37754160000000,37,75416,0000000
23,37756140000000,37,75614,0000000
23,37764710000000,37,76471,0000000
23,37764710123059,37,76471,0123059
23,37764710138776,37,76471,0138776
23,37764710127605,37,76471,0127605
23,37764710114678,37,76471,0114678
23,37764710137067,37,76471,0137067
23,37764710114694,37,76471,0114694
23,37764710123042,37,76471,0123042
23,37764710138768,37,76471,0138768
23,37764710119271,37,76471,0119271
23,37768516113468,37,76851,6113468
23,37768510000000,37,76851,0000000
23,37770990136077,37,77099,0136077
23,37771070136473,37,77107,0136473
23,37771560137323,37,77156,0137323
23,37771640137356,37,77164,0137356
23,37771720138099,37,77172,0138099
23,38103890000000,38,10389,0000000
23,38684780107300,38,68478,0107300
23,38684786112601,38,68478,6112601
23,38684780101774,38,68478,0101774
23,38684780118141,38,68478,0118141
23,38684783830437,38,68478,3830437
23,38684780123265,38,68478,0123265
23,38684780101337,38,68478,0101337
23,38684780101352,38,68478,0101352
23,38684780127530,38,68478,0127530
23,38684783830429,38,68478,3830429
23,38684780123505,38,68478,0123505
23,38684786040935,38,68478,6040935
23,38684780000000,38,68478,0000000
23,38769270132183,38,76927,0132183
23,38771310137307,38,77131,0137307
23,39103970120717,39,10397,0120717
23,39103970124958,39,10397,0124958
23,39103973930476,39,10397,3930476
23,39103970000000,39,10397,0000000
23,39685020126011,39,68502,0126011
23,39685020000000,39,68502,0000000
23,39685440000000,39,68544,0000000
23,39685690132415,39,68569,0132415
23,39685690000000,39,68569,0000000
23,39685770000000,39,68577,0000000
23,39685850101956,39,68585,0101956
23,39685850133678,39,68585,0133678
23,39685856118921,39,68585,6118921
23,39685856116594,39,68585,6116594
23,39685856117675,39,68585,6117675
23,39685850122580,39,68585,0122580
23,39685850000000,39,68585,0000000
23,39685930000000,39,68593,0000000
23,39686190000000,39,68619,0000000
23,39686270132050,39,68627,0132050
23,39686270127191,39,68627,0127191
23,39686276119309,39,68627,6119309
23,39686270136135,39,68627,0136135
23,39686270129890,39,68627,0129890
23,39686270136028,39,68627,0136028
23,39686270126755,39,68627,0126755
23,39686270133116,39,68627,0133116
23,39686270117796,39,68627,0117796
23,39686270129916,39,68627,0129916
23,39686270000000,39,68627,0000000
23,39686350000000,39,68635,0000000
23,39686500125849,39,68650,0125849
23,39686500000000,39,68650,0000000
23,39686760121541,39,68676,0121541
23,39686760118497,39,68676,0118497
23,39686760114876,39,68676,0114876
23,39686760108647,39,68676,0108647
23,39686760139865,39,68676,0139865
23,39686760139923,39,68676,0139923
23,39686760117853,39,68676,0117853
23,39686760123802,39,68676,0123802
23,39686760140616,39,68676,0140616
23,39686760141358,39,68676,0141358
23,39686766042725,39,68676,6042725
23,39686760124248,39,68676,0124248
23,39686760111336,39,68676,0111336
23,39686760120725,39,68676,0120725
23,39686760120733,39,68676,0120733
23,39686760119743,39,68676,0119743
23,39686760136283,39,68676,0136283
23,39686760139907,39,68676,0139907
23,39686760000000,39,68676,0000000
23,39754996118665,39,75499,6118665
23,39754990102392,39,75499,0102392
23,39754990102384,39,75499,0102384
23,39754990139949,39,75499,0139949
23,39754990000000,39,75499,0000000
23,39767600000000,39,76760,0000000
23,39773880140392,39,77388,0140392
23,39773880141234,39,77388,0141234
23,39773880131789,39,77388,0131789
23,39773880141242,39,77388,0141242
23,39773880127134,39,77388,0127134
23,39773880000000,39,77388,0000000
23,40104050125807,40,10405,0125807
23,40104050101725,40,10405,0101725
23,40104050000000,40,10405,0000000
23,40687000000000,40,68700,0000000
23,40687260000000,40,68726,0000000
23,40687590000000,40,68759,0000000
23,40687910000000,40,68791,0000000
23,40688096043194,40,68809,6043194
23,40688090000000,40,68809,0000000
23,40688250000000,40,68825,0000000
23,40688330000000,40,68833,0000000
23,40688410000000,40,68841,0000000
23,40754570000000,40,75457,0000000
23,40754650000000,40,75465,0000000
23,41104130135269,41,10413,0135269
23,41104130000000,41,10413,0000000
23,41688580000000,41,68858,0000000
23,41688660000000,41,68866,0000000
23,41688740000000,41,68874,0000000
23,41688820000000,41,68882,0000000
23,41688900000000,41,68890,0000000
23,41689080000000,41,68908,0000000
23,41689160112284,41,68916,0112284
23,41689160000000,41,68916,0000000
23,41689240127548,41,68924,0127548
23,41689240000000,41,68924,0000000
23,41689320000000,41,68932,0000000
23,41689400000000,41,68940,0000000
23,41689570000000,41,68957,0000000
23,41689650000000,41,68965,0000000
23,41689730000000,41,68973,0000000
23,41689810000000,41,68981,0000000
23,41689990134197,41,68999,0134197
23,41689990135608,41,68999,0135608
23,41689990000000,41,68999,0000000
23,41690050127282,41,69005,0127282
23,41690050132068,41,69005,0132068
23,41690050132076,41,69005,0132076
23,41690050000000,41,69005,0000000
23,41690130000000,41,69013,0000000
23,41690216112213,41,69021,6112213
23,41690210000000,41,69021,0000000
23,41690390000000,41,69039,0000000
23,41690470129759,41,69047,0129759
23,41690470000000,41,69047,0000000
23,41690620126722,41,69062,0126722
23,41690620119503,41,69062,0119503
23,41690620139915,41,69062,0139915
23,41690620112722,41,69062,0112722
23,41690620000000,41,69062,0000000
23,41690700000000,41,69070,0000000
23,41690880000000,41,69088,0000000
23,42104210000000,42,10421,0000000
23,42691040000000,42,69104,0000000
23,42691120111773,42,69112,0111773
23,42691120124255,42,69112,0124255
23,42691120137877,42,69112,0137877
23,42691120137885,42,69112,0137885
23,42691120000000,42,69112,0000000
23,42691200000000,42,69120,0000000
23,42691380000000,42,69138,0000000
23,42691460000000,42,69146,0000000
23,42691610000000,42,69161,0000000
23,42691796118434,42,69179,6118434
23,42691790000000,42,69179,0000000
23,42691950000000,42,69195,0000000
23,42692030000000,42,69203,0000000
23,42692110000000,42,69211,0000000
23,42692290116921,42,69229,0116921
23,42692290000000,42,69229,0000000
23,42692450000000,42,69245,0000000
23,42692520000000,42,69252,0000000
23,42692600116434,42,69260,0116434
23,42692600000000,42,69260,0000000
23,42693100000000,42,69310,0000000
23,42693280000000,42,69328,0000000
23,42693360000000,42,69336,0000000
23,42693440000000,42,69344,0000000
23,42750100138891,42,75010,0138891
23,42750100000000,42,75010,0000000
23,42767866118202,42,76786,6118202
23,42767866045918,42,76786,6045918
23,42767866111603,42,76786,6111603
23,42767860000000,42,76786,0000000
23,42771980138362,42,77198,0138362
23,42772060138370,42,77206,0138370
23,42772140138388,42,77214,0138388
23,42772220138396,42,77222,0138396
23,43104390116814,43,10439,0116814
23,43104390121483,43,10439,0121483
23,43104390129213,43,10439,0129213
23,43104390106534,43,10439,0106534
23,43104390111880,43,10439,0111880
23,43104390127969,43,10439,0127969
23,43104390123257,43,10439,0123257
23,43104390135087,43,10439,0135087
23,43104390125781,43,10439,0125781
23,43104390125799,43,10439,0125799
23,43104390123281,43,10439,0123281
23,43104390131110,43,10439,0131110
23,43104390120642,43,10439,0120642
23,43104390113704,43,10439,0113704
23,43104390133496,43,10439,0133496
23,43104390119024,43,10439,0119024
23,43104390128090,43,10439,0128090
23,43104390123794,43,10439,0123794
23,43104390124065,43,10439,0124065
23,43104390113431,43,10439,0113431
23,43104390131748,43,10439,0131748
23,43104390132530,43,10439,0132530
23,43104390000000,43,10439,0000000
23,43693690125526,43,69369,0125526
23,43693696046247,43,69369,6046247
23,43693690106633,43,69369,0106633
23,43693690129924,43,69369,0129924
23,43693690000000,43,69369,0000000
23,43693770000000,43,69377,0000000
23,43693856046445,43,69385,6046445
23,43693856046452,43,69385,6046452
23,43693856046486,43,69385,6046486
23,43693856046494,43,69385,6046494
23,43693850000000,43,69385,0000000
23,43693936046510,43,69393,6046510
23,43693930137273,43,69393,0137273
23,43693936046536,43,69393,6046536
23,43693936046544,43,69393,6046544
23,43693936046577,43,69393,6046577
23,43693936046601,43,69393,6046601
23,43693936046619,43,69393,6046619
23,43693936046627,43,69393,6046627
23,43693936046668,43,69393,6046668
23,43693936046692,43,69393,6046692
23,43693930106005,43,69393,0106005
23,43693930000000,43,69393,0000000
23,43694010000000,43,69401,0000000
23,43694190000000,43,69419,0000000
23,43694270125617,43,69427,0125617
23,43694270132274,43,69427,0132274
23,43694270131995,43,69427,0131995
23,43694274330726,43,69427,4330726
23,43694270107151,43,69427,0107151
23,43694270116889,43,69427,0116889
23,43694274330668,43,69427,4330668
23,43694270130856,43,69427,0130856
23,43694274330676,43,69427,4330676
23,43694270000000,43,69427,0000000
23,43694350000000,43,69435,0000000
23,43694500129247,43,69450,0129247
23,43694500129205,43,69450,0129205
23,43694500123299,43,69450,0123299
23,43694500128108,43,69450,0128108
23,43694500113662,43,69450,0113662
23,43694500000000,43,69450,0000000
23,43694680000000,43,69468,0000000
23,43694840123760,43,69484,0123760
23,43694840000000,43,69484,0000000
23,43694920000000,43,69492,0000000
23,43695000000000,43,69500,0000000
23,43695180000000,43,69518,0000000
23,43695260000000,43,69526,0000000
23,43695340000000,43,69534,0000000
23,43695420000000,43,69542,0000000
23,43695750000000,43,69575,0000000
23,43695836118541,43,69583,6118541
23,43695830000000,43,69583,0000000
23,43695910000000,43,69591,0000000
23,43696090000000,43,69609,0000000
23,43696176048045,43,69617,6048045
23,43696170000000,43,69617,0000000
23,43696250000000,43,69625,0000000
23,43696330000000,43,69633,0000000
23,43696410000000,43,69641,0000000
23,43696660131656,43,69666,0131656
23,43696664330585,43,69666,4330585
23,43696660129718,43,69666,0129718
23,43696660000000,43,69666,0000000
23,43696740000000,43,69674,0000000
23,43696820000000,43,69682,0000000
23,43696900000000,43,69690,0000000
23,43697080000000,43,69708,0000000
23,43733870000000,43,73387,0000000
23,43771150137059,43,77115,0137059
23,43771490137315,43,77149,0137315
23,44104474430252,44,10447,4430252
23,44104470136572,44,10447,0136572
23,44104470000000,44,10447,0000000
23,44697320000000,44,69732,0000000
23,44697570000000,44,69757,0000000
23,44697650100388,44,69765,0100388
23,44697650000000,44,69765,0000000
23,44697730000000,44,69773,0000000
23,44697810000000,44,69781,0000000
23,44697996049829,44,69799,6049829
23,44697990117804,44,69799,0117804
23,44697994430245,44,69799,4430245
23,44697996049720,44,69799,6049720
23,44697994430229,44,69799,4430229
23,44697996119077,44,69799,6119077
23,44697990000000,44,69799,0000000
23,44698070110007,44,69807,0110007
23,44698074430179,44,69807,4430179
23,44698070000000,44,69807,0000000
23,44698150000000,44,69815,0000000
23,44698234430187,44,69823,4430187
23,44698230000000,44,69823,0000000
23,44698490000000,44,69849,0000000
23,44754320139410,44,75432,0139410
23,44754320000000,44,75432,0000000
23,44772480138909,44,77248,0138909
23,45104540111674,45,10454,0111674
23,45104540129957,45,10454,0129957
23,45104540132944,45,10454,0132944
23,45104540000000,45,10454,0000000
23,45698564530333,45,69856,4530333
23,45698560000000,45,69856,0000000
23,45698720000000,45,69872,0000000
23,45698800000000,45,69880,0000000
23,45699140135624,45,69914,0135624
23,45699140000000,45,69914,0000000
23,45699220000000,45,69922,0000000
23,45699480141580,45,69948,0141580
23,45699480134122,45,69948,0134122
23,45699480139543,45,69948,0139543
23,45699480000000,45,69948,0000000
23,45699550121640,45,69955,0121640
23,45699550000000,45,69955,0000000
23,45699710135848,45,69971,0135848
23,45699710000000,45,69971,0000000
23,45699890000000,45,69989,0000000
23,45699970000000,45,69997,0000000
23,45700030000000,45,70003,0000000
23,45700110000000,45,70011,0000000
23,45700290000000,45,70029,0000000
23,45700450000000,45,70045,0000000
23,45700520000000,45,70052,0000000
23,45700780000000,45,70078,0000000
23,45700860000000,45,70086,0000000
23,45700940000000,45,70094,0000000
23,45701106117931,45,70110,6117931
23,45701100135889,45,70110,0135889
23,45701100000000,45,70110,0000000
23,45701280000000,45,70128,0000000
23,45701364530267,45,70136,4530267
23,45701360106013,45,70136,0106013
23,45701360000000,45,70136,0000000
23,45701690000000,45,70169,0000000
23,45737000000000,45,73700,0000000
23,45752670113407,45,75267,0113407
23,45752670000000,45,75267,0000000
23,46104620000000,46,10462,0000000
23,46701770000000,46,70177,0000000
23,47104700117168,47,10470,0117168
23,47104700137372,47,10470,0137372
23,47104700000000,47,10470,0000000
23,47701850000000,47,70185,0000000
23,47701930000000,47,70193,0000000
23,47702010000000,47,70201,0000000
23,47702270000000,47,70227,0000000
23,47702430000000,47,70243,0000000
23,47702500000000,47,70250,0000000
23,47702920000000,47,70292,0000000
23,47703180000000,47,70318,0000000
23,47703260000000,47,70326,0000000
23,47703340000000,47,70334,0000000
23,47703590000000,47,70359,0000000
23,47703670000000,47,70367,0000000
23,47703750000000,47,70375,0000000
23,47703830000000,47,70383,0000000
23,47704090000000,47,70409,0000000
23,47704170000000,47,70417,0000000
23,47704250000000,47,70425,0000000
23,47704580000000,47,70458,0000000
23,47704660000000,47,70466,0000000
23,47704820000000,47,70482,0000000
23,47704900000000,47,70490,0000000
23,47705080000000,47,70508,0000000
23,47705160000000,47,70516,0000000
23,47736840000000,47,73684,0000000
23,47764550000000,47,76455,0000000
23,48104880139030,48,10488,0139030
23,48104880000000,48,10488,0000000
23,48705240000000,48,70524,0000000
23,48705320122267,48,70532,0122267
23,48705320000000,48,70532,0000000
23,48705400000000,48,70540,0000000
23,48705650000000,48,70565,0000000
23,48705734830113,48,70573,4830113
23,48705730135095,48,70573,0135095
23,48705736051338,48,70573,6051338
23,48705730129494,48,70573,0129494
23,48705730000000,48,70573,0000000
23,48705810134262,48,70581,0134262
23,48705810139816,48,70581,0139816
23,48705816116255,48,70581,6116255
23,48705814830196,48,70581,4830196
23,48705810137380,48,70581,0137380
23,48705810115469,48,70581,0115469
23,48705810000000,48,70581,0000000
23,49104960000000,49,10496,0000000
23,49705990000000,49,70599,0000000
23,49706070000000,49,70607,0000000
23,49706150000000,49,70615,0000000
23,49706230000000,49,70623,0000000
23,49706496051635,49,70649,6051635
23,49706490000000,49,70649,0000000
23,49706560000000,49,70656,0000000
23,49706720122440,49,70672,0122440
23,49706720000000,49,70672,0000000
23,49706800112987,49,70680,0112987
23,49706800000000,49,70680,0000000
23,49706980000000,49,70698,0000000
23,49707060000000,49,70706,0000000
23,49707146051742,49,70714,6051742
23,49707146051759,49,70714,6051759
23,49707140000000,49,70714,0000000
23,49707220139048,49,70722,0139048
23,49707226051767,49,70722,6051767
23,49707220000000,49,70722,0000000
23,49707306120588,49,70730,6120588
23,49707306110639,49,70730,6110639
23,49707300000000,49,70730,0000000
23,49707630000000,49,70763,0000000
23,49707890000000,49,70789,0000000
23,49707970107284,49,70797,0107284
23,49707970139568,49,70797,0139568
23,49707976051833,49,70797,6051833
23,49707970140228,49,70797,0140228
23,49707970000000,49,70797,0000000
23,49708056111066,49,70805,6111066
23,49708050105890,49,70805,0105890
23,49708056051858,49,70805,6051858
23,49708050000000,49,70805,0000000
23,49708130000000,49,70813,0000000
23,49708210000000,49,70821,0000000
23,49708396051890,49,70839,6051890
23,49708390138065,49,70839,0138065
23,49708390000000,49,70839,0000000
23,49708470127555,49,70847,0127555
23,49708476072136,49,70847,6072136
23,49708476051924,49,70847,6051924
23,49708470119750,49,70847,0119750
23,49708476114755,49,70847,6114755
23,49708470000000,49,70847,0000000
23,49708546119036,49,70854,6119036
23,49708546051981,49,70854,6051981
23,49708540000000,49,70854,0000000
23,49708626051932,49,70862,6051932
23,49708620131961,49,70862,0131961
23,49708620000000,49,70862,0000000
23,49708706109144,49,70870,6109144
23,49708700106344,49,70870,0106344
23,49708706066344,49,70870,6066344
23,49708706113492,49,70870,6113492
23,49708700000000,49,70870,0000000
23,49708880000000,49,70888,0000000
23,49708966085229,49,70896,6085229
23,49708966052039,49,70896,6052039
23,49708960102525,49,70896,0102525
23,49708966052070,49,70896,6052070
23,49708966052047,49,70896,6052047
23,49708960000000,49,70896,0000000
23,49709040101923,49,70904,0101923
23,49709040000000,49,70904,0000000
23,49709120128074,49,70912,0128074
23,49709126116958,49,70912,6116958
23,49709120113530,49,70912,0113530
23,49709120125831,49,70912,0125831
23,49709120000000,49,70912,0000000
23,49709200102533,49,70920,0102533
23,49709200000000,49,70920,0000000
23,49709380120121,49,70938,0120121
23,49709386113039,49,70938,6113039
23,49709380000000,49,70938,0000000
23,49709536111678,49,70953,6111678
23,49709530105866,49,70953,0105866
23,49709530000000,49,70953,0000000
23,49709614930319,49,70961,4930319
23,49709614930350,49,70961,4930350
23,49709616052302,49,70961,6052302
23,49709610000000,49,70961,0000000
23,49709790000000,49,70979,0000000
23,49709950000000,49,70995,0000000
23,49710010000000,49,71001,0000000
23,49710190000000,49,71019,0000000
23,49710356052377,49,71035,6052377
23,49710350000000,49,71035,0000000
23,49738820123786,49,73882,0123786
23,49738820000000,49,73882,0000000
23,49753586052369,49,75358,6052369
23,49753580114934,49,75358,0114934
23,49753580000000,49,75358,0000000
23,49753900000000,49,75390,0000000
23,50105040117457,50,10504,0117457
23,50105040129023,50,10504,0129023
23,50105045030234,50,10504,5030234
23,50105040000000,50,10504,0000000
23,50710430112292,50,71043,0112292
23,50710430107136,50,71043,0107136
23,50710430107128,50,71043,0107128
23,50710430000000,50,71043,0000000
23,50710500000000,50,71050,0000000
23,50710685030267,50,71068,5030267
23,50710680132662,50,71068,0132662
23,50710680000000,50,71068,0000000
23,50710760000000,50,71076,0000000
23,50710840120089,50,71084,0120089
23,50710840000000,50,71084,0000000
23,50710926112965,50,71092,6112965
23,50710920000000,50,71092,0000000
23,50711000000000,50,71100,0000000
23,50711346113286,50,71134,6113286
23,50711340000000,50,71134,0000000
23,50711420000000,50,71142,0000000
23,50711670137265,50,71167,0137265
23,50711670138057,50,71167,0138057
23,50711670000000,50,71167,0000000
23,50711750120212,50,71175,0120212
23,50711750000000,50,71175,0000000
23,50712090112383,50,71209,0112383
23,50712090000000,50,71209,0000000
23,50712170000000,50,71217,0000000
23,50712330121525,50,71233,0121525
23,50712330000000,50,71233,0000000
23,50712660124768,50,71266,0124768
23,50712660000000,50,71266,0000000
23,50712740121558,50,71274,0121558
23,50712740000000,50,71274,0000000
23,50712820000000,50,71282,0000000
23,50712900000000,50,71290,0000000
23,50713240000000,50,71324,0000000
23,50736010000000,50,73601,0000000
23,50755490000000,50,75549,0000000
23,50755560113852,50,75556,0113852
23,50755560000000,50,75556,0000000
23,50755645030176,50,75564,5030176
23,50755640000000,50,75564,0000000
23,50755725030317,50,75572,5030317
23,50755720000000,50,75572,0000000
23,50757390124669,50,75739,0124669
23,50757390131185,50,75739,0131185
23,50757390000000,50,75739,0000000
23,51105120138040,51,10512,0138040
23,51105120140152,51,10512,0140152
23,51105120000000,51,10512,0000000
23,51713570000000,51,71357,0000000
23,51713650000000,51,71365,0000000
23,51713730000000,51,71373,0000000
23,51713810000000,51,71381,0000000
23,51713990000000,51,71399,0000000
23,51714070109793,51,71407,0109793
23,51714070000000,51,71407,0000000
23,51714150129007,51,71415,0129007
23,51714150000000,51,71415,0000000
23,51714230132977,51,71423,0132977
23,51714230000000,51,71423,0000000
23,51714310000000,51,71431,0000000
23,51714490000000,51,71449,0000000
23,51714560133934,51,71456,0133934
23,51714560000000,51,71456,0000000
23,51714640107318,51,71464,0107318
23,51714645130125,51,71464,5130125
23,51714640000000,51,71464,0000000
23,52105206119606,52,10520,6119606
23,52105206119671,52,10520,6119671
23,52105200000000,52,10520,0000000
23,52714720134403,52,71472,0134403
23,52714720000000,52,71472,0000000
23,52714980000000,52,71498,0000000
23,52715060000000,52,71506,0000000
23,52715220132597,52,71522,0132597
23,52715220000000,52,71522,0000000
23,52715300000000,52,71530,0000000
23,52715480000000,52,71548,0000000
23,52715550000000,52,71555,0000000
23,52715630000000,52,71563,0000000
23,52715710000000,52,71571,0000000
23,52716210000000,52,71621,0000000
23,52716390000000,52,71639,0000000
23,52716470000000,52,71647,0000000
23,52716540000000,52,71654,0000000
23,53105380125633,53,10538,0125633
23,53105380000000,53,10538,0000000
23,53716620000000,53,71662,0000000
23,53716700000000,53,71670,0000000
23,53716960000000,53,71696,0000000
23,53717380000000,53,71738,0000000
23,53717460000000,53,71746,0000000
23,53717610000000,53,71761,0000000
23,53738330000000,53,73833,0000000
23,53750280000000,53,75028,0000000
23,53765130000000,53,76513,0000000
23,54105460135459,54,10546,0135459
23,54105466119291,54,10546,6119291
23,54105465430327,54,10546,5430327
23,54105460125542,54,10546,0125542
23,54105460119602,54,10546,0119602
23,54105460124057,54,10546,0124057
23,54105460000000,54,10546,0000000
23,54717950000000,54,71795,0000000
23,54718030112458,54,71803,0112458
23,54718030000000,54,71803,0000000
23,54718110139477,54,71811,0139477
23,54718110000000,54,71811,0000000
23,54718290000000,54,71829,0000000
23,54718370109009,54,71837,0109009
23,54718370000000,54,71837,0000000
23,54718520000000,54,71852,0000000
23,54718600000000,54,71860,0000000
23,54718940000000,54,71894,0000000
23,54719020000000,54,71902,0000000
23,54719440000000,54,71944,0000000
23,54719510000000,54,71951,0000000
23,54719690000000,54,71969,0000000
23,54719850000000,54,71985,0000000
23,54719930124776,54,71993,0124776
23,54719930000000,54,71993,0000000
23,54720090000000,54,72009,0000000
23,54720170000000,54,72017,0000000
23,54720250000000,54,72025,0000000
23,54720330000000,54,72033,0000000
23,54720410000000,54,72041,0000000
23,54720580000000,54,72058,0000000
23,54720820000000,54,72082,0000000
23,54720900000000,54,72090,0000000
23,54721080000000,54,72108,0000000
23,54721166054340,54,72116,6054340
23,54721160000000,54,72116,0000000
23,54721320000000,54,72132,0000000
23,54721400136507,54,72140,0136507
23,54721400000000,54,72140,0000000
23,54721570000000,54,72157,0000000
23,54721730000000,54,72173,0000000
23,54721810000000,54,72181,0000000
23,54721990000000,54,72199,0000000
23,54722070000000,54,72207,0000000
23,54722150000000,54,72215,0000000
23,54722230000000,54,72223,0000000
23,54722310000000,54,72231,0000000
23,54722490133793,54,72249,0133793
23,54722490130708,54,72249,0130708
23,54722490000000,54,72249,0000000
23,54722566116909,54,72256,6116909
23,54722560135863,54,72256,0135863
23,54722560109751,54,72256,0109751
23,54722560120659,54,72256,0120659
23,54722560000000,54,72256,0000000
23,54722640000000,54,72264,0000000
23,54722980000000,54,72298,0000000
23,54753250000000,54,75325,0000000
23,54755230114348,54,75523,0114348
23,54755230116590,54,75523,0116590
23,54755230137968,54,75523,0137968
23,54755230000000,54,75523,0000000
23,54755310000000,54,75531,0000000
23,54767940000000,54,76794,0000000
23,54768360000000,54,76836,0000000
23,55105530000000,55,10553,0000000
23,55723060000000,55,72306,0000000
23,55723480000000,55,72348,0000000
23,55723550000000,55,72355,0000000
23,55723630000000,55,72363,0000000
23,55723710000000,55,72371,0000000
23,55723890000000,55,72389,0000000
23,55723970000000,55,72397,0000000
23,55724050000000,55,72405,0000000
23,55724135530191,55,72413,5530191
23,55724130112276,55,72413,0112276
23,55724130000000,55,72413,0000000
23,55724210000000,55,72421,0000000
23,55751840000000,55,75184,0000000
23,56105610121756,56,10561,0121756
23,56105616055974,56,10561,6055974
23,56105610122713,56,10561,0122713
23,56105610112417,56,10561,0112417
23,56105610109900,56,10561,0109900
23,56105610000000,56,10561,0000000
23,56724470000000,56,72447,0000000
23,56724540000000,56,72454,0000000
23,56724620000000,56,72462,0000000
23,56724705630363,56,72470,5630363
23,56724700000000,56,72470,0000000
23,56725040000000,56,72504,0000000
23,56725120000000,56,72512,0000000
23,56725205630405,56,72520,5630405
23,56725200000000,56,72520,0000000
23,56725380000000,56,72538,0000000
23,56725460120634,56,72546,0120634
23,56725460115105,56,72546,0115105
23,56725460000000,56,72546,0000000
23,56725530139592,56,72553,0139592
23,56725536120620,56,72553,6120620
23,56725530000000,56,72553,0000000
23,56725610000000,56,72561,0000000
23,56725790000000,56,72579,0000000
23,56726030000000,56,72603,0000000
23,56726110000000,56,72611,0000000
23,56726520000000,56,72652,0000000
23,56737590000000,56,73759,0000000
23,56738740000000,56,73874,0000000
23,56739400121426,56,73940,0121426
23,56739400000000,56,73940,0000000
23,56768280000000,56,76828,0000000
23,57105790132464,57,10579,0132464
23,57105790000000,57,10579,0000000
23,57726780119578,57,72678,0119578
23,57726780000000,57,72678,0000000
23,57726860000000,57,72686,0000000
23,57726940131706,57,72694,0131706
23,57726940124875,57,72694,0124875
23,57726940135939,57,72694,0135939
23,57726940000000,57,72694,0000000
23,57727020139436,57,72702,0139436
23,57727020000000,57,72702,0000000
23,57727100121749,57,72710,0121749
23,57727100000000,57,72710,0000000
23,58105875830112,58,10587,5830112
23,58105870117242,58,10587,0117242
23,58105870000000,58,10587,0000000
23,58727286115935,58,72728,6115935
23,58727280000000,58,72728,0000000
23,58727365830138,58,72736,5830138
23,58727360121632,58,72736,0121632
23,58727360000000,58,72736,0000000
23,58727440000000,58,72744,0000000
23,58727516118806,58,72751,6118806
23,58727510000000,58,72751,0000000
23,58727690000000,58,72769,0000000
